,arch,train loss,valid loss,MAE,RMSE
0,GRUPlus,0.34006046493848163,0.3990139016509056,0.7584202126661936,0.9780410788456599
