,arch,train loss,valid loss,MAE,RMSE
0,GRUPlus,0.33821589266260466,0.39891523356239,0.7571440723538398,0.9791685788830121
