,arch,train loss,valid loss,MAE,RMSE
0,LSTMPlus,0.38053557445605596,0.41696964055299757,0.7813727422555288,0.9972435579697291
