,arch,train loss,valid loss,MAE,RMSE
0,LSTMPlus,0.3185446844249964,0.3992780369023482,0.7571047368645668,0.9818882694840432
