,arch,train loss,valid loss,MAE,RMSE
0,RNNPlus,0.38961555073658627,0.4615976902842522,0.8307687081893285,1.0575343678394953
