,arch,train loss,valid loss,MAE,RMSE
0,RNNPlus,0.3816109000146389,0.42465437337756157,0.7907874962687492,1.007508104145527
