,arch,total params,train loss,valid loss,mae_valid,rmse_valid,time,epochs
0,LSTMPlus,41301,0.4158379137516022,0.5167285799980164,0.907162070274353,1.1295626163482666,1,50
1,LSTMPlus,41301,0.3206394612789154,0.45844653248786926,0.8384010791778564,1.0509146451950073,2,100
2,LSTMPlus,41301,0.3254930377006531,0.4278954565525055,0.8005095720291138,1.0092788934707642,3,150
3,LSTMPlus,41301,0.2975899875164032,0.4202945828437805,0.7909722328186035,0.9992056488990784,3,200
